{"max": [0.1736297756433487, 1.0, 1.0, 1.0, 1.0, 1.0, 1.0, 1.0, 1.0, 1.0, 1.0], "min": [0.00011890161840710789, 0.0, 0.0, 0.0, 0.0, 0.0, 0.0, 0.0, 0.0, 0.0, 0.0], "mean": [-2.4598928893841383, -2.3291613883017748, -1.0652463662686316, -0.5789989286653594, -0.7298218043538358, -1.4557008583201434, -3.152608102277998, -5.417723846263865, -7.63415346792737, -9.412558613255873, -10.71957930258494], "std": [0.45487626456489916, 2.4091373385967887, 3.6696277244214794, 5.049588253167594, 6.657515678516707, 8.450202140332623, 9.748222232057309, 10.115430823008131, 9.656235104872652, 8.776141729855793, 7.786476030592784]}