{"max": [0.17426802217960358, 0.7167213559150696, 0.7665088772773743, 0.7881736755371094, 0.7303425073623657, 0.7922502160072327, 0.8121967911720276, 0.831142008304596, 0.8225177526473999, 0.8376642465591431, 0.8671584129333496, 0.8625855445861816, 0.8763655424118042], "min": [0.0, 0.0, 0.0, 0.0, 0.0, 0.0, 0.0, 0.0, 0.0, 0.0, 0.0, 0.0, 0.0], "mean": [-2.121226201262132, -1.1297429601924152, -1.7183575309383392, -2.441360768971831, -3.36502019047223, -4.522861566564259, -5.582785756383291, -6.485736798785922, -7.247786842428729, -7.922030145574294, -8.55329972700362, -9.138595022513902, -9.75274417525132], "std": [0.3546176410900425, 1.6889869496231054, 2.0407814087555898, 3.174542728132813, 4.476895293605648, 5.345990547171412, 5.921714385934627, 6.245650609880823, 6.443305018311066, 6.520402373064977, 6.510352416618523, 6.467725301244126, 6.323789409194039]}